Video ID,Channel ID,Video Published Date,Video Title,Video Length (Seconds),Video data Shorts,Video data YouTube category
vid_0001,ch_001,15/03/2026,Video Title 0001,1143,Long-form,cat_02
vid_0002,ch_002,13/03/2026,Video Title 0002,2426,Long-form,cat_02
vid_0003,ch_003,25/03/2026,Video Title 0003,1279,Long-form,cat_02
vid_0004,ch_002,02/12/2025,Video Title 0004,2636,Long-form,cat_02
vid_0005,ch_004,27/3/2026,Video Title 0005,3038,Long-form,cat_01
vid_0006,ch_002,24/11/2025,Video Title 0006,3021,Long-form,cat_01
vid_0007,ch_005,15/03/2026,Video Title 0007,2592,Long-form,cat_02
vid_0008,ch_006,18/01/2026,Video Title 0008,161,Long-form,cat_05
vid_0009,ch_006,08/03/2026,Video Title 0009,504,Long-form,cat_05
vid_0010,ch_005,11/3/2026,Video Title 0010,1267,Long-form,cat_02
vid_0011,ch_007,29/12/2025,Video Title 0011,10015,Long-form,cat_01
vid_0012,ch_003,23/12/2025,Video Title 0012,2476,Long-form,cat_02
vid_0013,ch_005,27/02/2026,Video Title 0013,2698,Long-form,cat_02
vid_0014,ch_004,16/02/2026,Video Title 0014,1981,Long-form,cat_01
vid_0015,ch_005,17/03/2026,Video Title 0015,2748,Long-form,cat_02
vid_0016,ch_005,29/03/2026,Video Title 0016,2740,Long-form,cat_02
vid_0017,ch_005,07/03/2026,Video Title 0017,3422,Long-form,cat_02
vid_0018,ch_004,12/02/2026,Video Title 0018,1844,Long-form,cat_01
vid_0019,ch_006,06/03/2026,Video Title 0019,11,Short-form,cat_05
vid_0020,ch_008,01/11/2025,Video Title 0020,3508,Long-form,cat_04
vid_0021,ch_001,3/1/2026,Video Title 0021,9027,Long-form,cat_02
vid_0022,ch_008,13/11/2025,Video Title 0022,1837,Long-form,cat_04
vid_0023,ch_002,16/12/2025,Video Title 0023,4765,Long-form,cat_01
vid_0024,ch_002,8/1/2026,Video Title 0024,2624,Long-form,cat_02
vid_0025,ch_002,22/12/2025,Video Title 0025,2639,Long-form,cat_01
vid_0026,ch_002,15/11/2025,Video Title 0026,2480,Long-form,cat_02
vid_0027,ch_002,11/11/2025,Video Title 0027,5942,Long-form,cat_01
vid_0028,ch_002,03/03/2026,Video Title 0028,1958,Long-form,cat_01
vid_0029,ch_004,15/03/2026,Video Title 0029,2752,Long-form,cat_01
vid_0030,ch_005,07/03/2026,Video Title 0030,2701,Long-form,cat_02
vid_0031,ch_002,01/01/2026,Video Title 0031,2625,Long-form,cat_01
vid_0032,ch_001,17/01/2026,Video Title 0032,9224,Long-form,cat_02
vid_0033,ch_006,18/01/2026,Video Title 0033,217,Long-form,cat_05
vid_0034,ch_003,01/02/2026,Video Title 0034,2436,Long-form,cat_02
vid_0035,ch_006,18/02/2026,Video Title 0035,251,Long-form,cat_05
vid_0036,ch_002,24/02/2026,Video Title 0036,1635,Long-form,cat_01
vid_0037,ch_003,26/01/2026,Video Title 0037,1287,Long-form,cat_02
vid_0038,ch_006,16/2/2026,Video Title 0038,241,Long-form,cat_05
vid_0039,ch_006,30/11/2025,Video Title 0039,259,Long-form,cat_05
vid_0040,ch_002,9/2/2026,Video Title 0040,3545,Long-form,cat_01
vid_0041,ch_007,17/11/2025,Video Title 0041,1324,Long-form,cat_01
vid_0042,ch_007,05/03/2026,Video Title 0042,2620,Long-form,cat_01
vid_0043,ch_002,28/3/2026,Video Title 0043,2668,Long-form,cat_01
vid_0044,ch_002,30/12/2025,Video Title 0044,3535,Long-form,cat_01
vid_0045,ch_008,30/12/2025,Video Title 0045,3221,Long-form,cat_04
vid_0046,ch_002,02/02/2026,Video Title 0046,3097,Long-form,cat_01
vid_0047,ch_008,04/11/2025,Video Title 0047,3312,Long-form,cat_04
vid_0048,ch_003,28/03/2026,Video Title 0048,1252,Long-form,cat_02
vid_0049,ch_003,29/03/2026,Video Title 0049,3439,Long-form,cat_02
vid_0050,ch_002,23/03/2026,Video Title 0050,3108,Long-form,cat_01
vid_0051,ch_008,23/02/2026,Video Title 0051,125,Long-form,cat_04
vid_0052,ch_002,13/01/2026,Video Title 0052,2575,Long-form,cat_02
vid_0053,ch_003,14/02/2026,Video Title 0053,1255,Long-form,cat_02
vid_0054,ch_002,12/3/2026,Video Title 0054,2493,Long-form,cat_02
vid_0055,ch_006,28/11/2025,Video Title 0055,530,Long-form,cat_05
vid_0056,ch_006,09/12/2025,Video Title 0056,338,Long-form,cat_05
vid_0057,ch_009,02/12/2025,Video Title 0057,145,Long-form,cat_03
vid_0058,ch_003,02/12/2025,Video Title 0058,2407,Long-form,cat_02
vid_0059,ch_009,21/01/2026,Video Title 0059,230,Long-form,cat_03
vid_0060,ch_006,17/01/2026,Video Title 0060,565,Long-form,cat_05
vid_0061,ch_004,28/03/2026,Video Title 0061,2656,Long-form,cat_01
vid_0062,ch_003,04/11/2025,Video Title 0062,1185,Long-form,cat_02
vid_0063,ch_006,07/03/2026,Video Title 0063,531,Long-form,cat_05
vid_0064,ch_006,18/01/2026,Video Title 0064,421,Long-form,cat_05
vid_0065,ch_003,22/01/2026,Video Title 0065,2419,Long-form,cat_02
vid_0066,ch_009,03/12/2025,Video Title 0066,1297,Long-form,cat_03
vid_0067,ch_005,06/03/2026,Video Title 0067,3412,Long-form,cat_02
vid_0068,ch_008,16/01/2026,Video Title 0068,31,Short-form,cat_04
vid_0069,ch_002,24/3/2026,Video Title 0069,3013,Long-form,cat_02
vid_0070,ch_008,27/11/2025,Video Title 0070,1809,Long-form,cat_04
vid_0071,ch_003,20/03/2026,Video Title 0071,1259,Long-form,cat_02
vid_0072,ch_008,19/01/2026,Video Title 0072,161,Long-form,cat_04
vid_0073,ch_004,26/03/2026,Video Title 0073,2616,Long-form,cat_01
vid_0074,ch_003,23/02/2026,Video Title 0074,1239,Long-form,cat_02
vid_0075,ch_002,17/03/2026,Video Title 0075,1936,Long-form,cat_01
vid_0076,ch_009,31/01/2026,Video Title 0076,610,Long-form,cat_03
vid_0077,ch_005,27/02/2026,Video Title 0077,2629,Long-form,cat_02
vid_0078,ch_006,18/01/2026,Video Title 0078,121,Long-form,cat_05
vid_0079,ch_004,29/3/2026,Video Title 0079,3119,Long-form,cat_01
vid_0080,ch_008,28/11/2025,Video Title 0080,4354,Long-form,cat_04
vid_0081,ch_008,20/03/2026,Video Title 0081,70,Long-form,cat_04
vid_0082,ch_004,14/02/2026,Video Title 0082,2308,Long-form,cat_01
vid_0083,ch_005,19/02/2026,Video Title 0083,1256,Long-form,cat_02
vid_0084,ch_008,13/2/2026,Video Title 0084,65,Long-form,cat_04
vid_0085,ch_009,18/12/2025,Video Title 0085,311,Long-form,cat_03
vid_0086,ch_008,20/01/2026,Video Title 0086,61,Long-form,cat_04
vid_0087,ch_006,18/1/2026,Video Title 0087,193,Long-form,cat_05
vid_0088,ch_001,27/12/2025,Video Title 0088,8744,Long-form,cat_02
vid_0089,ch_003,31/03/2026,Video Title 0089,2504,Long-form,cat_02
vid_0090,ch_007,12/01/2026,Video Title 0090,843,Long-form,cat_01
vid_0091,ch_008,09/11/2025,Video Title 0091,144,Long-form,cat_04
vid_0092,ch_006,14/01/2026,Video Title 0092,353,Long-form,cat_05
vid_0093,ch_003,11/02/2026,Video Title 0093,1257,Long-form,cat_02
vid_0094,ch_002,07/02/2026,Video Title 0094,3029,Long-form,cat_01
vid_0095,ch_004,25/02/2026,Video Title 0095,1791,Long-form,cat_01
vid_0096,ch_004,12/02/2026,Video Title 0096,2101,Long-form,cat_01
vid_0097,ch_001,23/3/2026,Video Title 0097,2701,Long-form,cat_02
vid_0098,ch_007,18/12/2025,Video Title 0098,1805,Long-form,cat_01
vid_0099,ch_003,20/11/2025,Video Title 0099,1321,Long-form,cat_02
vid_0100,ch_003,15/1/2026,Video Title 0100,1268,Long-form,cat_02
vid_0101,ch_006,30/11/2025,Video Title 0101,248,Long-form,cat_05
vid_0102,ch_003,05/12/2025,Video Title 0102,1268,Long-form,cat_02
vid_0103,ch_004,19/02/2026,Video Title 0103,2432,Long-form,cat_01
vid_0104,ch_001,28/1/2026,Video Title 0104,5675,Long-form,cat_02
vid_0105,ch_001,12/11/2025,Video Title 0105,7616,Long-form,cat_02
vid_0106,ch_008,16/12/2025,Video Title 0106,3222,Long-form,cat_04
vid_0107,ch_001,03/12/2025,Video Title 0107,5666,Long-form,cat_02
vid_0108,ch_002,12/02/2026,Video Title 0108,2645,Long-form,cat_01
vid_0109,ch_004,12/02/2026,Video Title 0109,3176,Long-form,cat_01
vid_0110,ch_010,19/02/2026,Video Title 0110,69,Long-form,cat_03
vid_0111,ch_008,18/02/2026,Video Title 0111,361,Long-form,cat_04
vid_0112,ch_009,30/01/2026,Video Title 0112,2250,Long-form,cat_03
vid_0113,ch_006,08/03/2026,Video Title 0113,16,Short-form,cat_05
vid_0114,ch_009,08/03/2026,Video Title 0114,291,Long-form,cat_03
vid_0115,ch_006,06/03/2026,Video Title 0115,15,Short-form,cat_05
vid_0116,ch_003,27/03/2026,Video Title 0116,1700,Long-form,cat_02
vid_0117,ch_006,06/03/2026,Video Title 0117,97,Long-form,cat_05
vid_0118,ch_009,08/02/2026,Video Title 0118,461,Long-form,cat_03
vid_0119,ch_006,08/03/2026,Video Title 0119,15,Short-form,cat_05
vid_0120,ch_008,09/03/2026,Video Title 0120,3471,Long-form,cat_04
vid_0121,ch_009,19/2/2026,Video Title 0121,5574,Long-form,cat_03
vid_0122,ch_003,11/11/2025,Video Title 0122,2521,Long-form,cat_02
vid_0123,ch_001,10/01/2026,Video Title 0123,12213,Long-form,cat_02
vid_0124,ch_003,16/3/2026,Video Title 0124,2640,Long-form,cat_02
vid_0125,ch_002,14/11/2025,Video Title 0125,2630,Long-form,cat_02
vid_0126,ch_005,10/03/2026,Video Title 0126,2789,Long-form,cat_02
vid_0127,ch_002,16/02/2026,Video Title 0127,2668,Long-form,cat_01
vid_0128,ch_007,05/02/2026,Video Title 0128,3403,Long-form,cat_01
vid_0129,ch_009,28/02/2026,Video Title 0129,311,Long-form,cat_03
vid_0130,ch_003,22/03/2026,Video Title 0130,1263,Long-form,cat_02
vid_0131,ch_002,11/03/2026,Video Title 0131,4667,Long-form,cat_01
vid_0132,ch_001,29/03/2026,Video Title 0132,2568,Long-form,cat_02
vid_0133,ch_005,26/02/2026,Video Title 0133,3060,Long-form,cat_02
vid_0134,ch_006,18/01/2026,Video Title 0134,58,Short-form,cat_05
vid_0135,ch_003,16/02/2026,Video Title 0135,1249,Long-form,cat_02
vid_0136,ch_004,21/03/2026,Video Title 0136,1688,Long-form,cat_01
vid_0137,ch_004,16/2/2026,Video Title 0137,2043,Long-form,cat_01
vid_0138,ch_009,28/11/2025,Video Title 0138,1299,Long-form,cat_03
vid_0139,ch_002,20/03/2026,Video Title 0139,2614,Long-form,cat_01
vid_0140,ch_002,17/01/2026,Video Title 0140,2620,Long-form,cat_01
vid_0141,ch_003,03/02/2026,Video Title 0141,1256,Long-form,cat_02
vid_0142,ch_002,16/01/2026,Video Title 0142,2613,Long-form,cat_01
vid_0143,ch_003,23/03/2026,Video Title 0143,1303,Long-form,cat_02
vid_0144,ch_006,21/01/2026,Video Title 0144,364,Long-form,cat_05
vid_0145,ch_009,11/02/2026,Video Title 0145,307,Long-form,cat_03
vid_0146,ch_008,08/03/2026,Video Title 0146,1920,Long-form,cat_04
vid_0147,ch_006,11/03/2026,Video Title 0147,21,Short-form,cat_05
vid_0148,ch_001,21/02/2026,Video Title 0148,12095,Long-form,cat_02
vid_0149,ch_006,18/03/2026,Video Title 0149,508,Long-form,cat_05
vid_0150,ch_009,12/02/2026,Video Title 0150,5075,Long-form,cat_03
vid_0151,ch_001,08/03/2026,Video Title 0151,2603,Long-form,cat_02
vid_0152,ch_004,03/03/2026,Video Title 0152,3055,Long-form,cat_01
vid_0153,ch_005,3/3/2026,Video Title 0153,2762,Long-form,cat_02
vid_0154,ch_009,27/11/2025,Video Title 0154,162,Long-form,cat_03
vid_0155,ch_009,19/12/2025,Video Title 0155,3110,Long-form,cat_03
vid_0156,ch_009,24/01/2026,Video Title 0156,1196,Long-form,cat_03
vid_0157,ch_002,10/01/2026,Video Title 0157,2933,Long-form,cat_01
vid_0158,ch_002,14/3/2026,Video Title 0158,4790,Long-form,cat_02
vid_0159,ch_002,13/12/2025,Video Title 0159,2684,Long-form,cat_01
vid_0160,ch_008,26/02/2026,Video Title 0160,336,Long-form,cat_04
vid_0161,ch_008,13/03/2026,Video Title 0161,3612,Long-form,cat_04
vid_0162,ch_003,12/02/2026,Video Title 0162,1260,Long-form,cat_02
vid_0163,ch_004,23/3/2026,Video Title 0163,3205,Long-form,cat_01
vid_0164,ch_002,19/12/2025,Video Title 0164,2438,Long-form,cat_01
vid_0165,ch_001,26/3/2026,Video Title 0165,2515,Long-form,cat_02
vid_0166,ch_003,25/12/2025,Video Title 0166,1268,Long-form,cat_02
vid_0167,ch_008,17/12/2025,Video Title 0167,207,Long-form,cat_04
vid_0168,ch_002,06/11/2025,Video Title 0168,2681,Long-form,cat_02
vid_0169,ch_009,13/01/2026,Video Title 0169,131,Long-form,cat_03
vid_0170,ch_002,05/12/2025,Video Title 0170,2225,Long-form,cat_01
vid_0171,ch_008,02/12/2025,Video Title 0171,3284,Long-form,cat_04
vid_0172,ch_004,30/3/2026,Video Title 0172,3608,Long-form,cat_01
vid_0173,ch_006,30/11/2025,Video Title 0173,302,Long-form,cat_05
vid_0174,ch_009,17/2/2026,Video Title 0174,266,Long-form,cat_03
vid_0175,ch_010,11/12/2025,Video Title 0175,120,Long-form,cat_03
vid_0176,ch_006,18/01/2026,Video Title 0176,201,Long-form,cat_05
vid_0177,ch_002,21/02/2026,Video Title 0177,3028,Long-form,cat_01
vid_0178,ch_006,9/12/2025,Video Title 0178,522,Long-form,cat_05
vid_0179,ch_001,13/12/2025,Video Title 0179,12269,Long-form,cat_02
vid_0180,ch_009,25/02/2026,Video Title 0180,345,Long-form,cat_03
vid_0181,ch_004,18/03/2026,Video Title 0181,2076,Long-form,cat_01
vid_0182,ch_008,02/02/2026,Video Title 0182,3198,Long-form,cat_04
vid_0182,ch_008,02/02/2026,Video Title 0182,3198,Long-form,cat_01
vid_0183,ch_004,12/03/2026,Video Title 0183,2230,Long-form,cat_01
vid_0184,ch_005,25/3/2026,Video Title 0184,2999,Long-form,cat_02
vid_0185,ch_007,15/12/2025,Video Title 0185,2196,Long-form,cat_01
vid_0186,ch_009,10/12/2025,Video Title 0186,1300,Long-form,cat_03
vid_0187,ch_006,07/02/2026,Video Title 0187,69,Long-form,cat_05
vid_0188,ch_006,06/02/2026,Video Title 0188,68,Long-form,cat_05
vid_0189,ch_005,16/03/2026,Video Title 0189,2602,Long-form,cat_02
vid_0190,ch_001,18/02/2026,Video Title 0190,8921,Long-form,cat_02
vid_0191,ch_004,31/03/2026,Video Title 0191,2207,Long-form,cat_01
vid_0192,ch_006,14/01/2026,Video Title 0192,214,Long-form,cat_05
vid_0193,ch_006,20/1/2026,Video Title 0193,225,Long-form,cat_05
vid_0194,ch_009,28/12/2025,Video Title 0194,2890,Long-form,cat_03
vid_0195,ch_004,27/03/2026,Video Title 0195,3598,Long-form,cat_01
vid_0196,ch_008,05/11/2025,Video Title 0196,89,Long-form,cat_04
vid_0197,ch_001,14/02/2026,Video Title 0197,10700,Long-form,cat_02
vid_0198,ch_007,15/1/2026,Video Title 0198,1303,Long-form,cat_01
vid_0199,ch_010,21/12/2025,Video Title 0199,32,Short-form,cat_03
vid_0200,ch_001,10/3/2026,Video Title 0200,2834,Long-form,cat_02
vid_0201,ch_002,27/11/2025,Video Title 0201,57,Short-form,cat_01
vid_0202,ch_008,24/12/2025,Video Title 0202,191,Long-form,cat_04
vid_0203,ch_002,28/11/2025,Video Title 0203,1808,Long-form,cat_01
vid_0204,ch_006,18/1/2026,Video Title 0204,284,Long-form,cat_05
vid_0205,ch_003,25/11/2025,Video Title 0205,2656,Long-form,cat_02
vid_0206,ch_001,20/12/2025,Video Title 0206,9025,Long-form,cat_02
vid_0207,ch_008,3/12/2025,Video Title 0207,214,Long-form,cat_04
vid_0208,ch_008,20/11/2025,Video Title 0208,1947,Long-form,cat_04
vid_0209,ch_006,25/03/2026,Video Title 0209,39,Short-form,cat_05
vid_0210,ch_003,6/1/2026,Video Title 0210,1258,Long-form,cat_02
vid_0211,ch_008,31/12/2025,Video Title 0211,299,Long-form,cat_04
vid_0212,ch_006,30/11/2025,Video Title 0212,296,Long-form,cat_05
vid_0213,ch_006,30/11/2025,Video Title 0213,276,Long-form,cat_05
vid_0214,ch_008,04/03/2026,Video Title 0214,411,Long-form,cat_04
vid_0215,ch_004,12/02/2026,Video Title 0215,4248,Long-form,cat_01
vid_0216,ch_008,06/01/2026,Video Title 0216,3225,Long-form,cat_04
vid_0217,ch_002,04/11/2025,Video Title 0217,5667,Long-form,cat_01
vid_0218,ch_008,20/01/2026,Video Title 0218,66,Long-form,cat_04
vid_0219,ch_006,08/02/2026,Video Title 0219,15,Short-form,cat_05
vid_0220,ch_003,4/1/2026,Video Title 0220,2456,Long-form,cat_02
vid_0221,ch_001,24/12/2025,Video Title 0221,5655,Long-form,cat_02
vid_0222,ch_01,24/03/2026,Video Title 0222,2283,Long-form,cat_02
vid_0223,ch_003,28/1/2026,Video Title 0223,1320,Long-form,cat_02
vid_0224,ch_006,30/11/2025,Video Title 0224,216,Long-form,cat_05
vid_0225,ch_006,05/02/2026,Video Title 0225,1015,Long-form,cat_05
vid_0226,ch_006,14/01/2026,Video Title 0226,180,Long-form,cat_05
vid_0227,ch_008,10/02/2026,Video Title 0227,3592,Long-form,cat_04
vid_0228,ch_006,20/01/2026,Video Title 0228,230,Long-form,cat_05
vid_0229,ch_007,12/03/2026,Video Title 0229,2697,Long-form,cat_01
vid_0230,ch_009,14/03/2026,Video Title 0230,1986,Long-form,cat_03
vid_0231,ch_001,04/03/2026,Video Title 0231,5350,Long-form,cat_02
vid_0232,ch_006,06/03/2026,Video Title 0232,510,Long-form,cat_05
vid_0233,ch_004,28/3/2026,Video Title 0233,1812,Long-form,cat_01
vid_0234,ch_008,28/12/2025,Video Title 0234,3715,Long-form,cat_04
vid_0235,ch_009,27/12/2025,Video Title 0235,323,Long-form,cat_03
vid_0236,ch_004,25/03/2026,Video Title 0236,2606,Long-form,cat_01
vid_0236,ch_004,25/03/2026,Video Title 0236,2606,Long-form,cat_03
vid_0237,ch_008,09/12/2025,Video Title 0237,2801,Long-form,cat_04
vid_0238,ch_004,21/2/2026,Video Title 0238,3425,Long-form,cat_01
vid_0239,ch_002,29/12/2025,Video Title 0239,2731,Long-form,cat_01
vid_0240,ch_002,28/02/2026,Video Title 0240,14195,Long-form,cat_01
vid_0241,ch_006,07/03/2026,Video Title 0241,23,Short-form,cat_05
vid_0242,ch_002,20/1/2026,Video Title 0242,1793,Long-form,cat_01
vid_0243,ch_008,19/12/2025,Video Title 0243,415,Long-form,cat_04
vid_0244,ch_005,18/02/2026,Video Title 0244,1301,Long-form,cat_02
vid_0245,ch_003,25/02/2026,Video Title 0245,1335,Long-form,cat_02
vid_0246,ch_004,17/3/2026,Video Title 0246,1720,Long-form,cat_01
vid_0247,ch_008,12/11/2025,Video Title 0247,238,Long-form,cat_04
vid_0248,ch_002,21/3/2026,Video Title 0248,3378,Long-form,cat_01
vid_0249,ch_002,26/12/2025,Video Title 0249,5723,Long-form,cat_01
vid_0250,ch_004,29/03/2026,Video Title 0250,2208,Long-form,cat_01
vid_0251,ch_009,19/03/2026,Video Title 0251,5379,Long-form,cat_03
vid_0252,ch_004,23/02/2026,Video Title 0252,1620,Long-form,cat_01
vid_0253,ch_003,22/01/2026,Video Title 0253,2423,Long-form,cat_02
vid_0254,ch_006,09/12/2025,Video Title 0254,257,Long-form,cat_05
vid_0255,ch_001,12/03/2026,Video Title 0255,6045,Long-form,cat_02
vid_0256,ch_006,18/01/2026,Video Title 0256,54,Short-form,cat_05
vid_0257,ch_006,07/02/2026,Video Title 0257,23,Short-form,cat_05
vid_0258,ch_003,06/11/2025,Video Title 0258,1321,Long-form,cat_02
vid_0259,ch_002,07/11/2025,Video Title 0259,2898,Long-form,cat_02
vid_0260,ch_004,22/03/2026,Video Title 0260,1483,Long-form,cat_01
vid_0261,ch_003,29/03/2026,Video Title 0261,2475,Long-form,cat_02
vid_0262,ch_003,24/3/2026,Video Title 0262,1302,Long-form,cat_02
vid_0263,ch_009,30/12/2025,Video Title 0263,148,Long-form,cat_03
vid_0264,ch_002,19/3/2026,Video Title 0264,10113,Long-form,cat_02
vid_0265,ch_001,31/12/2025,Video Title 0265,7801,Long-form,cat_02
vid_0266,ch_001,15/11/2025,Video Title 0266,5864,Long-form,cat_02
vid_0267,ch_008,25/3/2026,Video Title 0267,290,Long-form,cat_04
vid_0268,ch_008,12/12/2025,Video Title 0268,469,Long-form,cat_04
vid_0269,ch_008,24/03/2026,Video Title 0269,3043,Long-form,cat_04
vid_0270,ch_008,28/01/2026,Video Title 0270,364,Long-form,cat_04
vid_0271,ch_009,13/2/2026,Video Title 0271,6055,Long-form,cat_03
vid_0272,ch_008,11/11/2025,Video Title 0272,3847,Long-form,cat_04
vid_0273,ch_002,07/03/2026,Video Title 0273,5335,Long-form,cat_01
vid_0274,ch_009,15/03/2026,Video Title 0274,336,Long-form,cat_03
vid_0275,ch_007,09/02/2026,Video Title 0275,1297,Long-form,cat_01
vid_0276,ch_004,26/02/2026,Video Title 0276,1717,Long-form,cat_01
vid_0277,ch_004,25/03/2026,Video Title 0277,1030,Long-form,cat_01
vid_0278,ch_008,09/03/2026,Video Title 0278,3663,Long-form,cat_04
vid_0279,ch_005,21/03/2026,Video Title 0279,1275,Long-form,cat_02
vid_0280,ch_002,26/01/2026,Video Title 0280,1737,Long-form,cat_01
vid_0281,ch_003,25/01/2026,Video Title 0281,2419,Long-form,cat_02
vid_0282,ch_007,23/03/2026,Video Title 0282,2303,Long-form,cat_01
vid_0283,ch_003,18/02/2026,Video Title 0283,1281,Long-form,cat_02
vid_0284,ch_009,07/03/2026,Video Title 0284,198,Long-form,cat_03
vid_0285,ch_008,07/11/2025,Video Title 0285,3336,Long-form,cat_04
vid_0286,ch_009,17/01/2026,Video Title 0286,190,Long-form,cat_03
vid_0287,ch_006,16/02/2026,Video Title 0287,631,Long-form,cat_05
vid_0288,ch_002,29/01/2026,Video Title 0288,2446,Long-form,cat_01
vid_0289,ch_009,04/12/2025,Video Title 0289,300,Long-form,cat_03
vid_0290,ch_002,9/1/2026,Video Title 0290,3079,Long-form,cat_01
vid_0291,ch_002,15/12/2025,Video Title 0291,1835,Long-form,cat_01
vid_0292,ch_006,14/1/2026,Video Title 0292,327,Long-form,cat_05
vid_0293,ch_003,12/12/2025,Video Title 0293,2569,Long-form,cat_02
vid_0294,ch_007,09/03/2026,Video Title 0294,15,Short-form,cat_01
vid_0295,ch_002,02/01/2026,Video Title 0295,5400,Long-form,cat_01
vid_0296,ch_009,23/1/2026,Video Title 0296,2310,Long-form,cat_03
vid_0297,ch_009,21/11/2025,Video Title 0297,1296,Long-form,cat_03
vid_0298,ch_008,10/12/2025,Video Title 0298,255,Long-form,cat_04
vid_0299,ch_006,08/02/2026,Video Title 0299,68,Long-form,cat_05
vid_0300,ch_009,22/02/2026,Video Title 0300,303,Long-form,cat_03
vid_0301,ch_009,26/2/2026,Video Title 0301,5291,Long-form,cat_03
vid_0302,ch_007,19/11/2025,Video Title 0302,3593,Long-form,cat_01
vid_0303,ch_003,06/02/2026,Video Title 0303,1253,Long-form,cat_02
vid_0304,ch_009,12/03/2026,Video Title 0304,5214,Long-form,cat_03
vid_0305,ch_001,27/3/2026,Video Title 0305,3028,Long-form,cat_02
vid_0306,ch_006,30/11/2025,Video Title 0306,215,Long-form,cat_05
vid_0307,ch_005,8/3/2026,Video Title 0307,2661,Long-form,cat_02
vid_0308,ch_003,30/12/2025,Video Title 0308,1268,Long-form,cat_02
vid_0309,ch_009,06/11/2025,Video Title 0309,157,Long-form,cat_03
vid_0310,ch_009,05/12/2025,Video Title 0310,1705,Long-form,cat_03
vid_0311,ch_005,24/03/2026,Video Title 0311,2948,Long-form,cat_02
vid_0312,ch_007,26/03/2026,Video Title 0312,1631,Long-form,cat_01
vid_0313,ch_009,01/01/2026,Video Title 0313,311,Long-form,cat_03
vid_0314,ch_009,16/01/2026,Video Title 0314,2821,Long-form,cat_03
vid_0315,ch_003,27/02/2026,Video Title 0315,3594,Long-form,cat_02
vid_0316,ch_007,19/3/2026,Video Title 0316,6261,Long-form,cat_01
vid_0317,ch_002,27/11/2025,Video Title 0317,5965,Long-form,cat_02
vid_0318,ch_007,19/02/2026,Video Title 0318,2805,Long-form,cat_01
vid_0319,ch_005,23/03/2026,Video Title 0319,1301,Long-form,cat_02
vid_0320,ch_002,19/2/2026,Video Title 0320,2640,Long-form,cat_01
vid_0321,ch_007,24/11/2025,Video Title 0321,3047,Long-form,cat_01
vid_0322,ch_005,13/03/2026,Video Title 0322,2727,Long-form,cat_02
vid_0323,ch_002,31/01/2026,Video Title 0323,6023,Long-form,cat_01
vid_0324,ch_003,27/01/2026,Video Title 0324,1257,Long-form,cat_02
vid_0325,ch_003,01/02/2026,Video Title 0325,2427,Long-form,cat_02
vid_0326,ch_006,12/1/2026,Video Title 0326,511,Long-form,cat_05
vid_0327,ch_009,21/11/2025,Video Title 0327,400,Long-form,cat_03
vid_0328,ch_005,05/03/2026,Video Title 0328,2693,Long-form,cat_02
vid_0328,ch_005,05/03/2026,Video Title 0328,2693,Long-form,cat_02
vid_0329,ch_007,02/03/2026,Video Title 0329,1910,Long-form,cat_01
vid_0330,ch_008,08/11/2025,Video Title 0330,73,Long-form,cat_04
vid_0331,ch_004,22/02/2026,Video Title 0331,2776,Long-form,cat_01
vid_0332,ch_009,9/1/2026,Video Title 0332,2456,Long-form,cat_03
vid_0333,ch_009,26/12/2025,Video Title 0333,5762,Long-form,cat_03
vid_0334,ch_008,23/12/2025,Video Title 0334,3223,Long-form,cat_04
vid_0335,ch_004,20/03/2026,Video Title 0335,5254,Long-form,cat_01
vid_0336,ch_009,05/02/2026,Video Title 0336,5342,Long-form,cat_03
vid_0337,ch_008,20/01/2026,Video Title 0337,70,Long-form,cat_04
vid_0338,ch_004,08/03/2026,Video Title 0338,3134,Long-form,cat_01
vid_0339,ch_001,19/3/2026,Video Title 0339,2607,Long-form,cat_02
vid_0340,ch_009,16/12/2025,Video Title 0340,287,Long-form,cat_03
vid_0341,ch_006,18/01/2026,Video Title 0341,199,Long-form,cat_05
vid_0342,ch_002,06/12/2025,Video Title 0342,2670,Long-form,cat_01
vid_0343,ch_008,23/3/2026,Video Title 0343,437,Long-form,cat_04
vid_0344,ch_002,23/12/2025,Video Title 0344,2554,Long-form,cat_01
vid_0345,ch_001,09/03/2026,Video Title 0345,2664,Long-form,cat_02
vid_0346,ch_007,5/1/2026,Video Title 0346,5681,Long-form,cat_01
vid_0347,ch_007,27/11/2025,Video Title 0347,3434,Long-form,cat_01
vid_0348,ch_009,25/03/2026,Video Title 0348,223,Long-form,cat_03
vid_0349,ch_005,01/03/2026,Video Title 0349,2628,Long-form,cat_02
vid_0350,ch_008,17/03/2026,Video Title 0350,76,Long-form,cat_04
vid_0351,ch_008,12/03/2026,Video Title 0351,2388,Long-form,cat_04
vid_0352,ch_009,02/01/2026,Video Title 0352,1805,Long-form,cat_03
vid_0353,ch_001,06/11/2025,Video Title 0353,5670,Long-form,cat_02
vid_0354,ch_004,13/02/2026,Video Title 0354,2039,Long-form,cat_01
vid_0355,ch_005,18/02/2026,Video Title 0355,1257,Long-form,cat_02
vid_0356,ch_005,14/03/2026,Video Title 0356,2746,Long-form,cat_02
vid_0357,ch_006,09/12/2025,Video Title 0357,306,Long-form,cat_05
vid_0358,ch_006,8/2/2026,Video Title 0358,604,Long-form,cat_05
vid_0359,ch_002,20/12/2025,Video Title 0359,2456,Long-form,cat_01
vid_0360,ch_009,15/01/2026,Video Title 0360,281,Long-form,cat_03
vid_0361,ch_007,9/3/2026,Video Title 0361,2487,Long-form,cat_01
vid_0362,ch_006,30/11/2025,Video Title 0362,240,Long-form,cat_05
vid_0363,ch_002,23/01/2026,Video Title 0363,2461,Long-form,cat_01
vid_0364,ch_007,01/12/2025,Video Title 0364,2671,Long-form,cat_01
vid_0365,ch_008,04/02/2026,Video Title 0365,438,Long-form,cat_04
vid_0366,ch_010,07/03/2026,Video Title 0366,84,Long-form,cat_03
vid_0367,ch_007,19/1/2026,Video Title 0367,1353,Long-form,cat_01
vid_0368,ch_003,30/11/2025,Video Title 0368,1260,Long-form,cat_02
vid_0369,ch_006,22/01/2026,Video Title 0369,369,Long-form,cat_05
vid_0370,ch_004,02/03/2026,Video Title 0370,1952,Long-form,cat_01
vid_0371,ch_003,04/03/2026,Video Title 0371,1308,Long-form,cat_02
vid_0372,ch_010,30/01/2026,Video Title 0372,24,Short-form,cat_03
vid_0373,ch_005,27/03/2026,Video Title 0373,2723,Long-form,cat_02
vid_0374,ch_007,06/11/2025,Video Title 0374,1402,Long-form,cat_01
vid_0375,ch_008,20/01/2026,Video Title 0375,90,Long-form,cat_04
vid_0376,ch_006,09/12/2025,Video Title 0376,370,Long-form,cat_05
vid_0377,ch_004,30/03/2026,Video Title 0377,2418,Long-form,cat_01
vid_0378,ch_003,11/01/2026,Video Title 0378,2407,Long-form,cat_02
vid_0379,ch_008,18/03/2026,Video Title 0379,441,Long-form,cat_04
vid_0380,ch_006,8/2/2026,Video Title 0380,328,Long-form,cat_05
vid_0381,ch_008,23/12/2025,Video Title 0381,125,Long-form,cat_04
vid_0382,ch_003,21/12/2025,Video Title 0382,2419,Long-form,cat_02
vid_0383,ch_003,14/12/2025,Video Title 0383,2436,Long-form,cat_02
vid_0384,ch_004,14/03/2026,Video Title 0384,2377,Long-form,cat_01
vid_0385,ch_005,28/03/2026,Video Title 0385,1505,Long-form,cat_02
vid_0386,ch_008,08/11/2025,Video Title 0386,66,Long-form,cat_04
vid_0387,ch_006,17/01/2026,Video Title 0387,461,Long-form,cat_05
vid_0388,ch_004,19/03/2026,Video Title 0388,2610,Long-form,cat_01
vid_0389,ch_003,22/01/2026,Video Title 0389,2391,Long-form,cat_02
vid_0390,ch_006,14/01/2026,Video Title 0390,329,Long-form,cat_05
vid_0391,ch_008,27/02/2026,Video Title 0391,2850,Long-form,cat_04
vid_0392,ch_006,08/03/2026,Video Title 0392,557,Long-form,cat_05
vid_0393,ch_004,27/02/2026,Video Title 0393,2873,Long-form,cat_01
vid_0394,ch_003,18/01/2026,Video Title 0394,2445,Long-form,cat_02
vid_0395,ch_003,9/2/2026,Video Title 0395,1290,Long-form,cat_02
vid_0396,ch_006,30/11/2025,Video Title 0396,255,Long-form,cat_05
vid_0397,ch_009,25/1/2026,Video Title 0397,337,Long-form,cat_03
vid_0398,ch_009,12/12/2025,Video Title 0398,1769,Long-form,cat_03
vid_0399,ch_006,08/02/2026,Video Title 0399,451,Long-form,cat_05
vid_0400,ch_006,6/2/2026,Video Title 0400,550,Long-form,cat_05
vid_0401,ch_008,18/12/2025,Video Title 0401,1720,Long-form,cat_04
vid_0402,ch_008,29/03/2026,Video Title 0402,104,Long-form,cat_04
vid_0403,ch_006,9/12/2025,Video Title 0403,283,Long-form,cat_05
vid_0404,ch_009,14/11/2025,Video Title 0404,2891,Long-form,cat_03
vid_0405,ch_002,27/12/2025,Video Title 0405,2860,Long-form,cat_01
vid_0406,ch_009,30/11/2025,Video Title 0406,155,Long-form,cat_03
vid_0407,ch_007,01/01/2026,Video Title 0407,2661,Long-form,cat_01
vid_0408,ch_004,12/2/2026,Video Title 0408,2649,Long-form,cat_01
vid_0409,ch_006,30/11/2025,Video Title 0409,414,Long-form,cat_05
vid_0410,ch_003,30/1/2026,Video Title 0410,1256,Long-form,cat_02
vid_0411,ch_001,26/11/2025,Video Title 0411,5059,Long-form,cat_02
vid_0412,ch_003,20/1/2026,Video Title 0412,1255,Long-form,cat_02
vid_0413,ch_003,13/11/2025,Video Title 0413,1321,Long-form,cat_02
vid_0414,ch_004,12/02/2026,Video Title 0414,5530,Long-form,cat_01
vid_0415,ch_004,20/02/2026,Video Title 0415,1754,Long-form,cat_01
vid_0416,ch_001,31/03/2026,Video Title 0416,2283,Long-form,cat_02
vid_0417,ch_004,18/03/2026,Video Title 0417,2740,Long-form,cat_01
vid_0418,ch_005,22/3/2026,Video Title 0418,1321,Long-form,cat_02
vid_0419,ch_009,12/11/2025,Video Title 0419,1341,Long-form,cat_03
vid_0420,ch_001,07/02/2026,Video Title 0420,9070,Long-form,cat_02
vid_0421,ch_001,06/03/2026,Video Title 0421,2881,Long-form,cat_02
vid_0422,ch_008,05/02/2026,Video Title 0422,76,Long-form,cat_04
vid_0423,ch_004,26/03/2026,Video Title 0423,2455,Long-form,cat_01
vid_0424,ch_002,8/11/2025,Video Title 0424,2459,Long-form,cat_02
vid_0425,ch_008,19/11/2025,Video Title 0425,249,Long-form,cat_04
vid_0426,ch_009,20/11/2025,Video Title 0426,336,Long-form,cat_03
vid_0427,ch_007,30/3/2026,Video Title 0427,5429,Long-form,cat_01
vid_0428,ch_008,22/11/2025,Video Title 0428,67,Long-form,cat_04
vid_0429,ch_001,20/03/2026,Video Title 0429,2487,Long-form,cat_02
vid_0430,ch_008,3/12/2025,Video Title 0430,3493,Long-form,cat_04
vid_0431,ch_006,30/11/2025,Video Title 0431,216,Long-form,cat_05
vid_0432,ch_006,06/03/2026,Video Title 0432,12,Short-form,cat_05
vid_0433,ch_010,11/1/2026,Video Title 0433,79,Long-form,cat_03
vid_0434,ch_006,30/11/2025,Video Title 0434,357,Long-form,cat_05
vid_0435,ch_008,04/12/2025,Video Title 0435,141,Long-form,cat_04
vid_0436,ch_006,17/01/2026,Video Title 0436,492,Long-form,cat_05
vid_0437,ch_008,13/03/2026,Video Title 0437,44,Short-form,cat_04
vid_0438,ch_006,08/02/2026,Video Title 0438,14,Short-form,cat_05
vid_0439,ch_004,15/02/2026,Video Title 0439,2595,Long-form,cat_01
vid_0440,ch_002,23/02/2026,Video Title 0440,3134,Long-form,cat_01
vid_0441,ch_006,18/01/2026,Video Title 0441,272,Long-form,cat_05
vid_0442,ch_004,04/03/2026,Video Title 0442,1484,Long-form,cat_01
vid_0443,ch_009,22/3/2026,Video Title 0443,288,Long-form,cat_03
vid_0444,ch_002,17/11/2025,Video Title 0444,3152,Long-form,cat_01
vid_0445,ch_004,05/03/2026,Video Title 0445,2751,Long-form,cat_01
vid_0446,ch_002,26/02/2026,Video Title 0446,2460,Long-form,cat_02
vid_0447,ch_008,12/02/2026,Video Title 0086,61,Long-form,cat_04
vid_0448,ch_008,01/11/2025,Video Title 0447,67,Long-form,cat_04
vid_0449,ch_001,28/02/2026,Video Title 0448,12184,Long-form,cat_02
vid_0450,ch_006,18/01/2026,Video Title 0449,202,Long-form,cat_05
vid_0451,ch_006,18/01/2026,Video Title 0450,340,Long-form,cat_05
vid_0452,ch_002,31/03/2026,Video Title 0451,1617,Long-form,cat_01
vid_0453,ch_003,07/12/2025,Video Title 0452,1251,Long-form,cat_02
vid_0454,ch_002,16/03/2026,Video Title 0453,2717,Long-form,cat_01
vid_0455,ch_003,27/02/2026,Video Title 0454,1264,Long-form,cat_02
vid_0456,ch_004,06/03/2026,Video Title 0455,2173,Long-form,cat_01
vid_0457,ch_005,19/03/2026,Video Title 0456,1294,Long-form,cat_02
vid_0458,ch_005,12/03/2026,Video Title 0457,2735,Long-form,cat_02
vid_0459,ch_008,06/02/2026,Video Title 0458,124,Long-form,cat_04
vid_0460,ch_008,23/02/2026,Video Title 0459,3591,Long-form,cat_04
vid_0461,ch_005,04/03/2026,Video Title 0460,2750,Long-form,cat_02
vid_0462,ch_004,10/03/2026,Video Title 0461,1736,Long-form,cat_01
vid_0463,ch_008,27/03/2026,Video Title 0462,80,Long-form,cat_04
vid_0464,ch_002,15/01/2026,Video Title 0463,39,Short-form,cat_01
vid_0465,ch_002,14/02/2026,Video Title 0464,2440,Long-form,cat_02
vid_0466,ch_007,22/01/2026,Video Title 0465,3122,Long-form,cat_01
vid_0467,ch_007,08/12/2025,Video Title 0466,2020,Long-form,cat_01
vid_0468,ch_003,30/03/2026,Video Title 0093,1249,Long-form,cat_02
vid_0469,ch_006,18/01/2026,Video Title 0467,213,Long-form,cat_05
vid_0470,ch_003,01/02/2026,Video Title 0468,2521,Long-form,cat_02
vid_0471,ch_003,06/02/2026,Video Title 0469,3156,Long-form,cat_02
vid_0472,ch_009,27/01/2026,Video Title 0470,265,Long-form,cat_03
vid_0473,ch_001,25/02/2026,Video Title 0471,5770,Long-form,cat_02
vid_0474,ch_002,20/2/2026,Video Title 0472,2480,Long-form,cat_01
vid_0475,ch_002,20/11/2025,Video Title 0473,2520,Long-form,cat_02
vid_0476,ch_002,17/2/2026,Video Title 0474,1443,Long-form,cat_02
vid_0477,ch_007,26/12/2025,Video Title 0475,2501,Long-form,cat_01
vid_0478,ch_008,5/11/2025,Video Title 0476,2888,Long-form,cat_04
vid_0479,ch_006,30/11/2025,Video Title 0477,288,Long-form,cat_05
vid_0480,ch_006,18/01/2026,Video Title 0478,530,Long-form,cat_05
vid_0481,ch_004,19/03/2026,Video Title 0479,1780,Long-form,cat_01
vid_0482,ch_006,08/02/2026,Video Title 0480,51,Short-form,cat_05
vid_0483,ch_008,20/01/2026,Video Title 0481,65,Long-form,cat_04
vid_0484,ch_002,12/01/2026,Video Title 0482,3151,Long-form,cat_01
vid_0485,ch_008,12/02/2026,Video Title 0483,61,Long-form,cat_04
vid_0486,ch_002,02/03/2026,Video Title 0484,4961,Long-form,cat_01
vid_0487,ch_002,06/02/2026,Video Title 0485,2666,Long-form,cat_01
vid_0488,ch_008,23/02/2026,Video Title 0337,70,Long-form,cat_04
vid_0489,ch_001,11/3/2026,Video Title 0486,5349,Long-form,cat_02
vid_0490,ch_007,21/11/2025,Video Title 0487,1125,Long-form,cat_01
vid_0491,ch_009,11/11/2025,Video Title 0488,207,Long-form,cat_03
vid_0492,ch_002,15/01/2026,Video Title 0489,2627,Long-form,cat_02
vid_0493,ch_008,20/01/2026,Video Title 0490,71,Long-form,cat_04
vid_0494,ch_006,09/12/2025,Video Title 0491,234,Long-form,cat_05
vid_0495,ch_006,9/12/2025,Video Title 0492,265,Long-form,cat_05
vid_0496,ch_006,30/11/2025,Video Title 0493,234,Long-form,cat_05
vid_0497,ch_003,01/02/2026,Video Title 0494,2400,Long-form,cat_02
vid_0498,ch_009,23/2/2026,Video Title 0495,2739,Long-form,cat_03
vid_0499,ch_006,30/11/2025,Video Title 0496,225,Long-form,cat_05
vid_0500,ch_003,13/02/2026,Video Title 0497,1291,Long-form,cat_02
vid_0501,ch_008,27/02/2026,Video Title 0498,54,Short-form,cat_04
vid_0502,ch_002,4/12/2025,Video Title 0499,2685,Long-form,cat_01
vid_0503,ch_008,20/12/2025,Video Title 0500,70,Long-form,cat_04
vid_0504,ch_006,17/02/2026,Video Title 0501,494,Long-form,cat_05
vid_0505,ch_003,01/02/2026,Video Title 0502,2447,Long-form,cat_02
vid_0506,ch_008,09/01/2026,Video Title 0503,163,Long-form,cat_04
vid_0507,ch_001,25/03/2026,Video Title 0504,5340,Long-form,cat_02
vid_0508,ch_006,08/02/2026,Video Title 0505,43,Short-form,cat_05
vid_0509,ch_004,24/03/2026,Video Title 0506,2437,Long-form,cat_01
vid_0510,ch_008,20/02/2026,Video Title 0507,3265,Long-form,cat_04
vid_0511,ch_008,06/11/2025,Video Title 0508,2121,Long-form,cat_04
vid_0512,ch_002,24/01/2026,Video Title 0509,2460,Long-form,cat_01
vid_0513,ch_002,05/01/2026,Video Title 0510,2608,Long-form,cat_01
vid_0514,ch_002,26/03/2026,Video Title 0511,7434,Long-form,cat_02
vid_0515,ch_008,14/01/2026,Video Title 0512,425,Long-form,cat_04
vid_0516,ch_007,02/02/2026,Video Title 0513,5665,Long-form,cat_01
vid_0517,ch_010,27/03/2026,Video Title 0514,87,Long-form,cat_03
vid_0518,ch_004,11/03/2026,Video Title 0515,1742,Long-form,cat_01
vid_0519,ch_008,13/01/2026,Video Title 0516,3222,Long-form,cat_04
vid_0520,ch_009,09/12/2025,Video Title 0517,194,Long-form,cat_03
vid_0521,ch_006,17/01/2026,Video Title 0518,502,Long-form,cat_05
vid_0522,ch_009,21/2/2026,Video Title 0519,329,Long-form,cat_03
vid_0523,ch_001,19/11/2025,Video Title 0520,6779,Long-form,cat_02
vid_0524,ch_003,06/03/2026,Video Title 0521,1283,Long-form,cat_02
vid_0525,ch_003,09/12/2025,Video Title 0522,2639,Long-form,cat_02
vid_0526,ch_009,28/01/2026,Video Title 0523,5694,Long-form,cat_03
vid_0527,ch_009,06/01/2026,Video Title 0524,232,Long-form,cat_03
vid_0528,ch_005,09/03/2026,Video Title 0525,2660,Long-form,cat_02
vid_0529,ch_005,18/03/2026,Video Title 0526,1294,Long-form,cat_02
vid_0530,ch_007,12/02/2026,Video Title 0527,2435,Long-form,cat_01
vid_0531,ch_004,01/03/2026,Video Title 0528,3313,Long-form,cat_01
vid_0532,ch_008,12/02/2026,Video Title 0490,71,Long-form,cat_04
vid_0533,ch_001,14/01/2026,Video Title 0529,5659,Long-form,cat_02
vid_0534,ch_008,20/01/2026,Video Title 0530,77,Long-form,cat_04
vid_0535,ch_002,13/2/2026,Video Title 0531,2752,Long-form,cat_01
vid_0536,ch_007,25/12/2025,Video Title 0532,2445,Long-form,cat_01
vid_0537,ch_008,24/03/2026,Video Title 0533,90,Long-form,cat_04
vid_0538,ch_003,4/3/2026,Video Title 0534,1253,Long-form,cat_02
vid_0539,ch_003,18/12/2025,Video Title 0535,1268,Long-form,cat_02
vid_0540,ch_009,13/11/2025,Video Title 0536,410,Long-form,cat_03
vid_0541,ch_006,18/01/2026,Video Title 0537,65,Long-form,cat_05
vid_0542,ch_002,27/03/2026,Video Title 0538,4991,Long-form,cat_01
vid_0543,ch_008,20/01/2026,Video Title 0483,61,Long-form,cat_04
vid_0544,ch_003,02/11/2025,Video Title 0539,2445,Long-form,cat_02
vid_0545,ch_009,05/03/2026,Video Title 0540,236,Long-form,cat_03
vid_0546,ch_008,6/12/2025,Video Title 0541,178,Long-form,cat_04
vid_0547,ch_003,27/11/2025,Video Title 0542,1294,Long-form,cat_02
vid_0548,ch_009,23/11/2025,Video Title 0543,1804,Long-form,cat_03
vid_0549,ch_002,30/03/2026,Video Title 0544,3230,Long-form,cat_01
vid_0550,ch_001,21/01/2026,Video Title 0545,5025,Long-form,cat_02
vid_0551,ch_008,24/03/2026,Video Title 0546,3160,Long-form,cat_04
vid_0552,ch_008,4/12/2025,Video Title 0547,1879,Long-form,cat_04
vid_0553,ch_007,22/12/2025,Video Title 0548,3628,Long-form,cat_01
vid_0554,ch_009,10/01/2026,Video Title 0549,299,Long-form,cat_03
vid_0555,ch_004,20/03/2026,Video Title 0550,2090,Long-form,cat_01
vid_0556,ch_007,26/1/2026,Video Title 0551,3792,Long-form,cat_01
vid_0557,ch_002,11/12/2025,Video Title 0552,2682,Long-form,cat_02
vid_0558,ch_007,26/2/2026,Video Title 0553,2166,Long-form,cat_01
vid_0559,ch_003,28/12/2025,Video Title 0554,2440,Long-form,cat_02
vid_0560,ch_007,08/01/2026,Video Title 0555,1978,Long-form,cat_01
vid_0561,ch_009,29/03/2026,Video Title 0556,259,Long-form,cat_03
vid_0562,ch_006,8/2/2026,Video Title 0557,227,Long-form,cat_05
vid_0563,ch_009,26/11/2025,Video Title 0558,212,Long-form,cat_03
vid_0564,ch_008,16/11/2025,Video Title 0559,67,Long-form,cat_04
vid_0565,ch_009,28/11/2025,Video Title 0560,495,Long-form,cat_03
vid_0566,ch_006,30/11/2025,Video Title 0561,268,Long-form,cat_05
vid_0567,ch_009,20/02/2026,Video Title 0562,1022,Long-form,cat_03
vid_0568,ch_008,5/2/2026,Video Title 0375,64,Long-form,cat_04
vid_0569,ch_007,11/12/2025,Video Title 0563,1727,Long-form,cat_01
vid_0570,ch_008,18/11/2025,Video Title 0564,3239,Long-form,cat_04
vid_0571,ch_008,01/12/2025,Video Title 0565,66,Long-form,cat_04
vid_0572,ch_009,6/3/2026,Video Title 0566,1732,Long-form,cat_03
vid_0573,ch_009,31/12/2025,Video Title 0567,2628,Long-form,cat_03
vid_0574,ch_001,22/11/2025,Video Title 0568,9027,Long-form,cat_02
vid_0575,ch_006,18/2/2026,Video Title 0569,13,Short-form,cat_05
vid_0576,ch_009,21/12/2025,Video Title 0570,10765,Long-form,cat_03
vid_0577,ch_003,16/12/2025,Video Title 0571,2427,Long-form,cat_02
vid_0578,ch_003,23/11/2025,Video Title 0572,2566,Long-form,cat_02
vid_0579,ch_003,19/03/2026,Video Title 0573,1260,Long-form,cat_02
vid_0580,ch_008,30/03/2026,Video Title 0574,3273,Long-form,cat_04
vid_0581,ch_004,21/03/2026,Video Title 0575,1027,Long-form,cat_01
vid_0582,ch_005,20/2/2026,Video Title 0576,1258,Long-form,cat_02
vid_0583,ch_009,25/12/2025,Video Title 0577,313,Long-form,cat_03
vid_0584,ch_004,28/02/2026,Video Title 0578,2300,Long-form,cat_01
vid_0585,ch_004,13/03/2026,Video Title 0579,2904,Long-form,cat_01
vid_0586,ch_009,22/01/2026,Video Title 0580,300,Long-form,cat_03
vid_0587,ch_006,18/2/2026,Video Title 0581,10,Short-form,cat_05
vid_0588,ch_002,13/11/2025,Video Title 0582,3145,Long-form,cat_02
vid_0589,ch_003,4/2/2026,Video Title 0583,1246,Long-form,cat_02
vid_0590,ch_002,25/11/2025,Video Title 0584,2731,Long-form,cat_01
vid_0591,ch_007,13/11/2025,Video Title 0585,1132,Long-form,cat_01
vid_0592,ch_003,26/03/2026,Video Title 0586,1288,Long-form,cat_02
vid_0593,ch_006,15/02/2026,Video Title 0587,10670,Long-form,cat_05
vid_0594,ch_009,26/03/2026,Video Title 0588,4893,Long-form,cat_03
vid_0595,ch_009,07/01/2026,Video Title 0589,5301,Long-form,cat_03
vid_0596,ch_005,29/03/2026,Video Title 0590,3273,Long-form,cat_02
vid_0597,ch_001,8/11/2025,Video Title 0591,7612,Long-form,cat_02
vid_0598,ch_008,24/12/2025,Video Title 0592,125,Long-form,cat_04
vid_0599,ch_004,12/02/2026,Video Title 0593,2264,Long-form,cat_01
vid_0600,ch_001,01/11/2025,Video Title 0594,8995,Long-form,cat_02
vid_0601,ch_008,26/01/2026,Video Title 0595,3351,Long-form,cat_04
vid_0602,ch_003,22/01/2026,Video Title 0596,2404,Long-form,cat_02
vid_0603,ch_004,22/03/2026,Video Title 0597,2536,Long-form,cat_01
vid_0604,ch_003,18/3/2026,Video Title 0598,1289,Long-form,cat_02
vid_0605,ch_002,18/12/2025,Video Title 0599,2524,Long-form,cat_02
vid_0606,ch_006,07/02/2026,Video Title 0600,92,Long-form,cat_05
vid_0607,ch_004,18/02/2026,Video Title 0601,2377,Long-form,cat_01
vid_0608,ch_003,02/02/2026,Video Title 0602,1247,Long-form,cat_02
vid_0609,ch_002,05/03/2026,Video Title 0603,2979,Long-form,cat_02
vid_0610,ch_004,12/02/2026,Video Title 0604,2301,Long-form,cat_01
vid_0611,ch_001,04/02/2026,Video Title 0605,5976,Long-form,cat_02
vid_0612,ch_006,17/01/2026,Video Title 0606,40,Short-form,cat_05
vid_0613,ch_002,03/11/2025,Video Title 0607,1222,Long-form,cat_01
vid_0614,ch_005,26/3/2026,Video Title 0608,2618,Long-form,cat_02
vid_0615,ch_001,10/12/2025,Video Title 0609,10149,Long-form,cat_02
vid_0616,ch_004,16/03/2026,Video Title 0610,516,Long-form,cat_01
vid_0617,ch_006,7/3/2026,Video Title 0611,22,Short-form,cat_05
vid_0618,ch_008,11/12/2025,Video Title 0612,1833,Long-form,cat_04
vid_0619,ch_001,29/11/2025,Video Title 0613,9186,Long-form,cat_02
vid_0620,ch_003,09/03/2026,Video Title 0614,1286,Long-form,cat_02
vid_0621,ch_008,23/02/2026,Video Title 0422,76,Long-form,cat_04
vid_0622,ch_006,25/02/2026,Video Title 0615,9,Short-form,cat_05
vid_0623,ch_009,27/2/2026,Video Title 0616,1592,Long-form,cat_03
vid_0624,ch_002,22/11/2025,Video Title 0617,2463,Long-form,cat_01
vid_0625,ch_001,24/01/2026,Video Title 0618,9117,Long-form,cat_02
vid_0626,ch_006,09/12/2025,Video Title 0619,255,Long-form,cat_05
vid_0627,ch_001,21/3/2026,Video Title 0620,8918,Long-form,cat_02
vid_0628,ch_009,29/11/2025,Video Title 0621,581,Long-form,cat_03
vid_0629,ch_007,4/12/2025,Video Title 0622,5903,Long-form,cat_01
vid_0630,ch_002,18/11/2025,Video Title 0623,2700,Long-form,cat_02
vid_0631,ch_009,29/01/2026,Video Title 0624,340,Long-form,cat_03
vid_0632,ch_006,20/1/2026,Video Title 0625,428,Long-form,cat_05
vid_0633,ch_008,11/11/2025,Video Title 0626,3300,Long-form,cat_04
vid_0634,ch_005,28/03/2026,Video Title 0627,3410,Long-form,cat_02
vid_0635,ch_001,31/01/2026,Video Title 0628,9052,Long-form,cat_02
vid_0636,ch_007,23/02/2026,Video Title 0629,2985,Long-form,cat_01
vid_0637,ch_001,14/03/2026,Video Title 0630,9171,Long-form,cat_02
vid_0638,ch_006,18/02/2026,Video Title 0631,557,Long-form,cat_05
vid_0639,ch_005,06/03/2026,Video Title 0632,2635,Long-form,cat_02
vid_0640,ch_008,21/01/2026,Video Title 0633,360,Long-form,cat_04
vid_0641,ch_004,16/03/2026,Video Title 0634,3311,Long-form,cat_01
vid_0642,ch_002,22/01/2026,Video Title 0635,2668,Long-form,cat_01
vid_0643,ch_001,07/01/2026,Video Title 0636,8919,Long-form,cat_02
vid_0644,ch_007,03/11/2025,Video Title 0637,4039,Long-form,cat_01
vid_0645,ch_009,20/03/2026,Video Title 0638,167,Long-form,cat_03
vid_0646,ch_001,7/3/2026,Video Title 0639,9287,Long-form,cat_02
vid_0647,ch_003,16/11/2025,Video Title 0640,2475,Long-form,cat_02
vid_0648,ch_006,09/12/2025,Video Title 0641,304,Long-form,cat_05
vid_0649,ch_001,06/12/2025,Video Title 0642,9250,Long-form,cat_02
vid_0650,ch_008,10/2/2026,Video Title 0643,395,Long-form,cat_04
vid_0651,ch_009,11/12/2025,Video Title 0644,201,Long-form,cat_03
vid_0652,ch_008,22/12/2025,Video Title 0645,3501,Long-form,cat_04
vid_0653,ch_002,10/03/2026,Video Title 0646,3124,Long-form,cat_01
vid_0654,ch_006,08/12/2025,Video Title 0647,650,Long-form,cat_05
vid_0655,ch_004,23/3/2026,Video Title 0648,5297,Long-form,cat_01
vid_0656,ch_002,21/11/2025,Video Title 0649,3242,Long-form,cat_02
vid_0657,ch_004,12/02/2026,Video Title 0650,2404,Long-form,cat_01
vid_0658,ch_009,27/03/2026,Video Title 0651,1387,Long-form,cat_03
vid_0659,ch_005,31/03/2026,Video Title 0652,2608,Long-form,cat_02
vid_0660,ch_003,09/11/2025,Video Title 0653,2447,Long-form,cat_02
vid_0661,ch_009,2/2/2026,Video Title 0654,2553,Long-form,cat_03
vid_0662,ch_008,26/12/2025,Video Title 0655,459,Long-form,cat_04
vid_0663,ch_008,25/11/2025,Video Title 0656,3295,Long-form,cat_04
vid_0664,ch_008,11/03/2026,Video Title 0657,341,Long-form,cat_04
vid_0665,ch_007,16/02/2026,Video Title 0658,1538,Long-form,cat_01
vid_0666,ch_003,22/1/2026,Video Title 0659,2443,Long-form,cat_02
vid_0667,ch_006,12/12/2025,Video Title 0660,278,Long-form,cat_05
vid_0668,ch_002,03/01/2026,Video Title 0661,2654,Long-form,cat_01
vid_0669,ch_003,01/02/2026,Video Title 0662,2456,Long-form,cat_02
vid_0670,ch_004,12/02/2026,Video Title 0663,3661,Long-form,cat_01
vid_0671,ch_006,07/02/2026,Video Title 0664,578,Long-form,cat_05
vid_0672,ch_006,26/02/2026,Video Title 0665,8,Short-form,cat_05
vid_0673,ch_005,20/03/2026,Video Title 0666,1257,Long-form,cat_02
vid_0674,ch_008,20/01/2026,Video Title 0422,92,Long-form,cat_04
vid_0675,ch_003,08/01/2026,Video Title 0667,1268,Long-form,cat_02
vid_0676,ch_009,08/01/2026,Video Title 0668,209,Long-form,cat_03
vid_0677,ch_002,30/01/2026,Video Title 0669,3077,Long-form,cat_01
vid_0678,ch_009,15/02/2026,Video Title 0670,226,Long-form,cat_03
vid_0679,ch_006,03/11/2025,Video Title 0671,875,Long-form,cat_05
vid_0680,ch_005,26/02/2026,Video Title 0672,2670,Long-form,cat_02
vid_0681,ch_003,12/03/2026,Video Title 0673,1268,Long-form,cat_02
vid_0682,ch_002,08/12/2025,Video Title 0674,2732,Long-form,cat_01
vid_0683,ch_004,12/02/2026,Video Title 0675,2965,Long-form,cat_01
vid_0684,ch_008,02/03/2026,Video Title 0676,27,Short-form,cat_04
vid_0685,ch_008,07/01/2026,Video Title 0677,464,Long-form,cat_04
vid_0686,ch_002,06/03/2026,Video Title 0678,2667,Long-form,cat_01
vid_0687,ch_008,6/3/2026,Video Title 0679,83,Long-form,cat_04
vid_0688,ch_002,12/12/2025,Video Title 0680,3037,Long-form,cat_01
vid_0689,ch_002,25/12/2025,Video Title 0681,2408,Long-form,cat_02
vid_0690,ch_009,06/02/2026,Video Title 0682,233,Long-form,cat_03
vid_0691,ch_006,09/12/2025,Video Title 0683,228,Long-form,cat_05
vid_0692,ch_003,21/03/2026,Video Title 0684,1257,Long-form,cat_02
vid_0693,ch_005,28/02/2026,Video Title 0685,3534,Long-form,cat_02
vid_0694,ch_006,17/01/2026,Video Title 0686,29,Short-form,cat_05
vid_0695,ch_006,08/03/2026,Video Title 0687,12,Short-form,cat_05
vid_0696,ch_0012,22/2/2026,Video Title 0688,1308,Long-form,cat_02
vid_0697,ch_002,29/11/2025,Video Title 0689,7444,Long-form,cat_01
vid_0698,ch_007,10/11/2025,Video Title 0690,1932,Long-form,cat_01
vid_0699,ch_003,11/03/2026,Video Title 0691,1713,Long-form,cat_02
vid_0700,ch_001,5/3/2026,Video Title 0692,2710,Long-form,cat_02
vid_0701,ch_003,11/12/2025,Video Title 0693,1267,Long-form,cat_02
vid_0702,ch_008,20/02/2026,Video Title 0694,113,Long-form,cat_04
vid_0703,ch_008,12/02/2026,Video Title 0218,66,Long-form,cat_04
vid_0704,ch_004,17/03/2026,Video Title 0695,3014,Long-form,cat_01
vid_0705,ch_004,07/03/2026,Video Title 0696,1909,Long-form,cat_01
vid_0706,ch_006,18/02/2026,Video Title 0697,188,Long-form,cat_05
vid_0707,ch_001,28/03/2026,Video Title 0698,12012,Long-form,cat_02
vid_0708,ch_008,02/03/2026,Video Title 0699,3361,Long-form,cat_04
vid_0709,ch_008,09/12/2025,Video Title 0700,3221,Long-form,cat_04
vid_0710,ch_004,09/03/2026,Video Title 0701,1695,Long-form,cat_01
vid_0711,ch_010,16/02/2026,Video Title 0702,41,Short-form,cat_03
vid_0712,ch_008,05/03/2026,Video Title 0703,1158,Long-form,cat_04
vid_0713,ch_005,30/03/2026,Video Title 0704,2603,Long-form,cat_02
vid_0714,ch_002,27/02/2026,Video Title 0705,2744,Long-form,cat_01
vid_0715,ch_006,09/12/2025,Video Title 0706,348,Long-form,cat_05
vid_0716,ch_002,06/01/2026,Video Title 0707,2160,Long-form,cat_01
vid_0717,ch_003,9/1/2026,Video Title 0708,1289,Long-form,cat_02
vid_0718,ch_009,23/12/2025,Video Title 0709,267,Long-form,cat_03
vid_0719,ch_006,06/02/2026,Video Title 0710,57,Short-form,cat_05
vid_0720,ch_003,20/02/2026,Video Title 0711,2655,Long-form,cat_02
vid_0721,ch_002,01/11/2025,Video Title 0712,2685,Long-form,cat_02
vid_0722,ch_004,24/3/2026,Video Title 0713,2660,Long-form,cat_01
vid_0723,ch_003,18/11/2025,Video Title 0714,2601,Long-form,cat_02
vid_0724,ch_008,25/02/2026,Video Title 0715,984,Long-form,cat_04
vid_0725,ch_005,02/03/2026,Video Title 0716,2729,Long-form,cat_02
vid_0726,ch_009,03/01/2026,Video Title 0717,205,Long-form,cat_03
vid_0727,ch_005,17/02/2026,Video Title 0718,1308,Long-form,cat_02
vid_0728,ch_006,15/01/2026,Video Title 0719,20,Short-form,cat_05
vid_0729,ch_001,22/03/2026,Video Title 0720,2564,Long-form,cat_02
vid_0730,ch_004,12/2/2026,Video Title 0721,2959,Long-form,cat_01
vid_0731,ch_006,30/11/2025,Video Title 0722,299,Long-form,cat_05
vid_0732,ch_005,21/2/2026,Video Title 0723,1292,Long-form,cat_02
vid_0733,ch_001,17/12/2025,Video Title 0724,5098,Long-form,cat_02
vid_0734,ch_006,30/11/2025,Video Title 0725,308,Long-form,cat_05
vid_0735,ch_006,08/03/2026,Video Title 0726,460,Long-form,cat_05
vid_0736,ch_001,13/03/2026,Video Title 0727,2659,Long-form,cat_02
vid_0737,ch_002,05/02/2026,Video Title 0728,2512,Long-form,cat_02
vid_0738,ch_002,19/01/2026,Video Title 0729,2626,Long-form,cat_01
vid_0739,ch_002,03/02/2026,Video Title 0730,1593,Long-form,cat_01
vid_0740,ch_006,03/12/2025,Video Title 0731,15,Short-form,cat_05
vid_0741,ch_008,05/11/2025,Video Title 0732,173,Long-form,cat_04
vid_0742,ch_003,02/03/2026,Video Title 0733,2819,Long-form,cat_02
vid_0743,ch_008,13/01/2026,Video Title 0734,3569,Long-form,cat_04
vid_0744,ch_003,19/03/2026,Video Title 0735,1269,Long-form,cat_02
vid_0745,ch_002,10/02/2026,Video Title 0736,2654,Long-form,cat_01
vid_0746,ch_003,22/01/2026,Video Title 0737,2440,Long-form,cat_02
vid_0747,ch_003,28/3/2026,Video Title 0738,2722,Long-form,cat_02
vid_0748,ch_002,10/12/2025,Video Title 0739,52,Short-form,cat_01
vid_0749,ch_006,16/02/2026,Video Title 0740,271,Long-form,cat_05
vid_0750,ch_002,09/12/2025,Video Title 0741,1493,Long-form,cat_02
vid_0751,ch_007,29/01/2026,Video Title 0742,1584,Long-form,cat_01
vid_0752,ch_006,26/2/2026,Video Title 0743,16,Short-form,cat_05
vid_0753,ch_008,26/11/2025,Video Title 0167,207,Long-form,cat_04
vid_0754,ch_005,28/02/2026,Video Title 0744,2768,Long-form,cat_02
vid_0755,ch_004,24/02/2026,Video Title 0745,3109,Long-form,cat_01
vid_0756,ch_006,18/01/2026,Video Title 0746,380,Long-form,cat_05
vid_0757,ch_006,09/11/2025,Video Title 0747,269,Long-form,cat_05
vid_0758,ch_003,01/02/2026,Video Title 0748,2343,Long-form,cat_02
vid_0759,ch_001,18/03/2026,Video Title 0749,5350,Long-form,cat_02
vid_0760,ch_007,16/03/2026,Video Title 0750,1907,Long-form,cat_01
vid_0761,ch_009,13/03/2026,Video Title 0751,228,Long-form,cat_03
vid_0762,ch_009,05/03/2026,Video Title 0752,5342,Long-form,cat_03
vid_0763,ch_003,29/01/2026,Video Title 0753,1268,Long-form,cat_02
vid_0764,ch_001,11/02/2026,Video Title 0755,8952,Long-form,cat_02
,ch_002,01/12/2025,Video Title 0759,2731,Long-form,cat_01
,,27/01/2026,Video Title 0756,1832,Long-form,cat_01
,ch_003,13/01/2026,Video Title 0757,1256,Long-form,cat_02
,ch_004,31/3/2026,Video Title 0754,3250,Long-form,cat_01
,ch_006,12/12/2025,Video Title 0758,285,Long-form,cat_05